{
	"info": {
		"_postman_id": "a73121dc-ab06-4024-a249-40e81db857c2",
		"name": "DjoserAuth",
		"schema": "https://schema.getpostman.com/json/collection/v2.1.0/collection.json"
	},
	"item": [
		{
			"name": "Registration",
			"request": {
				"method": "POST",
				"header": [],
				"body": {
					"mode": "raw",
					"raw": "{\r\n    \"email\":\"user@example.com\",\r\n    \"name\":\"Raj\",\r\n    \"password\":\"Hello123456\",\r\n    \"re_password\":\"Hello123456\"\r\n}",
					"options": {
						"raw": {
							"language": "json"
						}
					}
				},
				"url": {
					"raw": "http://127.0.0.1:8000/api/auth/users/",
					"protocol": "http",
					"host": [
						"127",
						"0",
						"0",
						"1"
					],
					"port": "8000",
					"path": [
						"api",
						"auth",
						"users",
						""
					]
				}
			},
			"response": []
		},
		{
			"name": "Account Activation",
			"request": {
				"method": "POST",
				"header": [],
				"body": {
					"mode": "raw",
					"raw": "{\r\n    \"uid\":\"MTQ\",\r\n    \"token\":\"bo5fdy-fa405a2717e8576b410ff0cfbb05f4a3\"\r\n}",
					"options": {
						"raw": {
							"language": "json"
						}
					}
				},
				"url": {
					"raw": "http://127.0.0.1:8000/api/auth/users/activation/",
					"protocol": "http",
					"host": [
						"127",
						"0",
						"0",
						"1"
					],
					"port": "8000",
					"path": [
						"api",
						"auth",
						"users",
						"activation",
						""
					]
				}
			},
			"response": []
		},
		{
			"name": "Login",
			"request": {
				"method": "POST",
				"header": [],
				"body": {
					"mode": "raw",
					"raw": "{\r\n    \"email\":\"user@example.com\",\r\n    \"password\":\"Hello123456\"\r\n\r\n}",
					"options": {
						"raw": {
							"language": "json"
						}
					}
				},
				"url": {
					"raw": "http://127.0.0.1:8000/api/auth/jwt/create/",
					"protocol": "http",
					"host": [
						"127",
						"0",
						"0",
						"1"
					],
					"port": "8000",
					"path": [
						"api",
						"auth",
						"jwt",
						"create",
						""
					]
				}
			},
			"response": []
		},
		{
			"name": "New Access Token",
			"request": {
				"method": "POST",
				"header": [
					{
						"key": "Authorization",
						"value": "JWT eyJhbGciOiJIUzI1NiIsInR5cCI6IkpXVCJ9.eyJ0b2tlbl90eXBlIjoiYWNjZXNzIiwiZXhwIjoxNjgzODg1MTA3LCJpYXQiOjE2ODM4ODQ4MDcsImp0aSI6ImVmODhmM2M3ZTY4NzQyODliNzY2NDNiNGNmZjUzNzMzIiwidXNlcl9pZCI6MX0.GSn86E-p-EwilsajtAFbOnUAitbsAfcBBFczqyUcsZQ",
						"type": "default"
					}
				],
				"body": {
					"mode": "raw",
					"raw": "{\r\n    \"refresh\":\"eyJhbGciOiJIUzI1NiIsInR5cCI6IkpXVCJ9.eyJ0b2tlbl90eXBlIjoicmVmcmVzaCIsImV4cCI6MTY4Mzk3MTM3OCwiaWF0IjoxNjgzODg0OTc4LCJqdGkiOiJiMmUyNTBlZjg0YzU0YmY3YTVkNmFiMTY1NzYxM2ZmZSIsInVzZXJfaWQiOjF9.JjnipST0PlMDsb0F2aUEtzc7qO37e_0mAFlqaqV1cHk\"\r\n}",
					"options": {
						"raw": {
							"language": "json"
						}
					}
				},
				"url": {
					"raw": "http://127.0.0.1:8000/api/auth/jwt/refresh/",
					"protocol": "http",
					"host": [
						"127",
						"0",
						"0",
						"1"
					],
					"port": "8000",
					"path": [
						"api",
						"auth",
						"jwt",
						"refresh",
						""
					]
				}
			},
			"response": []
		},
		{
			"name": "Get User Data",
			"request": {
				"method": "GET",
				"header": [
					{
						"key": "Authorization",
						"value": "JWT eyJhbGciOiJIUzI1NiIsInR5cCI6IkpXVCJ9.eyJ0b2tlbl90eXBlIjoiYWNjZXNzIiwiZXhwIjoxNjgzOTc5NzA4LCJpYXQiOjE2ODM5Nzk0MDgsImp0aSI6IjA0Y2JlM2M1ZjMyOTRjYjQ5NzUwNjg5NjkzNzlhYjZiIiwidXNlcl9pZCI6MTR9.G7GBASylQnama_9tZ9m3QGPAeP-Sfgv2aUsIDqWh5tM",
						"type": "default"
					}
				],
				"url": {
					"raw": "http://127.0.0.1:8000/api/auth/users/me/",
					"protocol": "http",
					"host": [
						"127",
						"0",
						"0",
						"1"
					],
					"port": "8000",
					"path": [
						"api",
						"auth",
						"users",
						"me",
						""
					]
				}
			},
			"response": []
		},
		{
			"name": "Update User Data",
			"request": {
				"method": "PATCH",
				"header": [
					{
						"key": "Authorization",
						"value": "JWT eyJhbGciOiJIUzI1NiIsInR5cCI6IkpXVCJ9.eyJ0b2tlbl90eXBlIjoiYWNjZXNzIiwiZXhwIjoxNjgzODg1NDMwLCJpYXQiOjE2ODM4ODUxMzAsImp0aSI6Ijk3Y2Q1ZGIzM2IzYzQwMWI4ZWM4ZTI3YTc3NGM4N2QxIiwidXNlcl9pZCI6MX0.gGgUPu1CYkAk91Fa2VotI8riA6RoJQfB1x9YhEM1c54",
						"type": "default"
					}
				],
				"body": {
					"mode": "raw",
					"raw": "{\r\n    \"name\":\"Raj KUmar\"\r\n}",
					"options": {
						"raw": {
							"language": "json"
						}
					}
				},
				"url": {
					"raw": "http://127.0.0.1:8000/api/auth/users/me/",
					"protocol": "http",
					"host": [
						"127",
						"0",
						"0",
						"1"
					],
					"port": "8000",
					"path": [
						"api",
						"auth",
						"users",
						"me",
						""
					]
				}
			},
			"response": []
		},
		{
			"name": "Change Password",
			"request": {
				"method": "POST",
				"header": [
					{
						"key": "Authorization",
						"value": "JWT eyJhbGciOiJIUzI1NiIsInR5cCI6IkpXVCJ9.eyJ0b2tlbl90eXBlIjoiYWNjZXNzIiwiZXhwIjoxNjgzODg1NDMwLCJpYXQiOjE2ODM4ODUxMzAsImp0aSI6Ijk3Y2Q1ZGIzM2IzYzQwMWI4ZWM4ZTI3YTc3NGM4N2QxIiwidXNlcl9pZCI6MX0.gGgUPu1CYkAk91Fa2VotI8riA6RoJQfB1x9YhEM1c54",
						"type": "default"
					}
				],
				"body": {
					"mode": "raw",
					"raw": "{\r\n    \"new_password\":\"Hello123@\",\r\n    \"re_new_password\":\"Hello123@\",\r\n    \"current_password\":\"Hello123456\"\r\n}",
					"options": {
						"raw": {
							"language": "json"
						}
					}
				},
				"url": {
					"raw": "http://127.0.0.1:8000/api/auth/users/set_password/",
					"protocol": "http",
					"host": [
						"127",
						"0",
						"0",
						"1"
					],
					"port": "8000",
					"path": [
						"api",
						"auth",
						"users",
						"set_password",
						""
					]
				}
			},
			"response": []
		},
		{
			"name": "Reset Password",
			"request": {
				"method": "POST",
				"header": [],
				"body": {
					"mode": "raw",
					"raw": "{\r\n    \"email\":\"user@example.com\"\r\n}",
					"options": {
						"raw": {
							"language": "json"
						}
					}
				},
				"url": {
					"raw": "http://127.0.0.1:8000/api/auth/users/reset_password/",
					"protocol": "http",
					"host": [
						"127",
						"0",
						"0",
						"1"
					],
					"port": "8000",
					"path": [
						"api",
						"auth",
						"users",
						"reset_password",
						""
					]
				}
			},
			"response": []
		},
		{
			"name": "Reset Password Confirmation",
			"request": {
				"method": "POST",
				"header": [],
				"body": {
					"mode": "raw",
					"raw": "{\r\n    \"uid\":\"MQ\",\r\n    \"token\":\"bo3ez4-c5a6bbcf2ad17a9db2c102d410c47d5f\",\r\n    \"new_password\":\"jaiho123\",\r\n    \"re_new_password\":\"jaiho123\"\r\n}",
					"options": {
						"raw": {
							"language": "json"
						}
					}
				},
				"url": {
					"raw": "http://127.0.0.1:8000/api/auth/users/reset_password_confirm/",
					"protocol": "http",
					"host": [
						"127",
						"0",
						"0",
						"1"
					],
					"port": "8000",
					"path": [
						"api",
						"auth",
						"users",
						"reset_password_confirm",
						""
					]
				}
			},
			"response": []
		},
		{
			"name": "Delete Account",
			"request": {
				"method": "DELETE",
				"header": [
					{
						"key": "Authorization",
						"value": "JWT eyJhbGciOiJIUzI1NiIsInR5cCI6IkpXVCJ9.eyJ0b2tlbl90eXBlIjoiYWNjZXNzIiwiZXhwIjoxNjgzODg2MDgxLCJpYXQiOjE2ODM4ODU3ODEsImp0aSI6IjcyYWRhNzFhMzdjYjQwYmQ4M2ZiOTgzYzNiOThkMzI0IiwidXNlcl9pZCI6MX0.SVGB2PaW2JxyVdUwx-VOnMC9DgZQ3gizENKSjxqEi6M",
						"type": "default"
					}
				],
				"body": {
					"mode": "raw",
					"raw": "{\r\n    \"current_password\":\"jaiho123\"\r\n}",
					"options": {
						"raw": {
							"language": "json"
						}
					}
				},
				"url": {
					"raw": "http://127.0.0.1:8000/api/auth/users/me/",
					"protocol": "http",
					"host": [
						"127",
						"0",
						"0",
						"1"
					],
					"port": "8000",
					"path": [
						"api",
						"auth",
						"users",
						"me",
						""
					]
				}
			},
			"response": []
		}
	]
}